contig	count
contig-100_58_11	8
contig-100_159_1	23424
contig-100_10_23	406
contig-100_4_19	2297
contig-100_365_1	63
contig-100_44_7	2547
contig-100_2_5	6829
contig-100_539_2	8
contig-100_2_58	623
contig-100_74_12	8
contig-100_67_4	678
contig-100_0_22	20408
contig-100_141_1	10903
contig-100_5_48	282
contig-100_195_3	148
contig-100_0_20	7087
contig-100_39_10	26
contig-100_12_17	118
contig-100_7_21	1454
contig-100_6_27	1176
contig-100_89_7	6
contig-100_556_2	17
contig-100_70_5	532
contig-100_394_2	3
contig-100_256_1	88
contig-100_555_2	7
contig-100_461_1	42
contig-100_10_14	6252
contig-100_3_36	6180
contig-100_81_7	23
contig-100_84_7	7
contig-100_9_3	13247
contig-100_47_8	36
contig-100_467_1	2
contig-100_386_1	44
contig-100_325_3	9
contig-100_244_2	66
contig-100_133_3	1473
contig-100_15_20	1375
contig-100_24_3	165197
contig-100_138_3	67
contig-100_91_4	227
contig-100_181_2	72
contig-100_1_6	14867
contig-100_476_1	16
contig-100_451_1	12
contig-100_8_41	98
contig-100_116_3	20
contig-100_201_1	124
contig-100_12_30	1053
contig-100_4_58	401
contig-100_246_2	35
contig-100_1_54	2536
contig-100_7_40	587
contig-100_4_27	4145
contig-100_560_1	21
contig-100_140_2	370
contig-100_290_2	33
contig-100_41_7	1173
contig-100_129_3	10772
contig-100_6_25	1757
contig-100_2_30	3470
contig-100_124_2	480
contig-100_323_2	119
contig-100_10_25	618
contig-100_75_6	26
contig-100_59_4	239
contig-100_93_3	1704
contig-100_315_3	4
contig-100_385_3	4
contig-100_97_2	34785
contig-100_132_4	143
contig-100_304_1	206
contig-100_261_2	810
contig-100_103_5	11
contig-100_102_1	286954
contig-100_38_2	12701
contig-100_20_1	24750
contig-100_27_12	18
contig-100_12_27	608
contig-100_502_1	27
contig-100_192_1	509
contig-100_3_71	395
contig-100_12_3	195567
contig-100_286_2	38
contig-100_8_35	1376
contig-100_3_16	44192
contig-100_216_2	160
contig-100_7_13	5821
contig-100_271_3	31
contig-100_35_9	467
contig-100_0_15	20160
contig-100_5_24	2963
contig-100_210_3	44
contig-100_28_5	1262
contig-100_387_3	3
contig-100_0_61	4194
contig-100_2_41	2527
contig-100_455_1	30
contig-100_265_2	213404
contig-100_51_6	291
contig-100_125_1	1079
contig-100_22_14	236
contig-100_155_4	20
contig-100_220_2	100
contig-100_82_1	3298
contig-100_28_7	290904
contig-100_20_13	766
contig-100_379_2	9
contig-100_106_5	166
contig-100_474_2	3
contig-100_25_3	5050
contig-100_359_4	9
contig-100_22_23	528
contig-100_349_1	52
contig-100_3_14	23723
contig-100_375_3	11
contig-100_130_6	2
contig-100_90_7	6
contig-100_308_1	156
contig-100_66_8	35
contig-100_11_8	1809
contig-100_6_44	618
contig-100_376_1	37
contig-100_14_6	6479
contig-100_0_1	7089
contig-100_363_1	16
contig-100_39_2	94506
contig-100_36_3	32308
contig-100_1_30	9848
contig-100_329_1	69
contig-100_83_5	35
contig-100_73_5	284
contig-100_22_1	227109
contig-100_285_5	2
contig-100_21_17	665
contig-100_196_3	9
contig-100_36_8	1005
contig-100_368_2	13
contig-100_87_6	11
contig-100_65_8	50
contig-100_55_6	132
contig-100_143_1	1360
contig-100_11_31	1243
contig-100_29_4	88595
contig-100_185_4	6
contig-100_346_2	36
contig-100_57_5	1413
contig-100_170_4	4
contig-100_225_3	24
contig-100_49_3	319
contig-100_269_4	2
contig-100_184_5	4
contig-100_4_33	745
contig-100_1_52	1199
contig-100_108_3	107
contig-100_423_2	7
contig-100_0_34	9786
contig-100_297_3	6
contig-100_463_3	6
contig-100_435_2	3
contig-100_8_12	3868
contig-100_199_3	28
contig-100_114_1	2826
contig-100_147_2	201
contig-100_13_14	3022
contig-100_208_4	4
contig-100_9_26	1571
contig-100_69_4	179
contig-100_3_39	12155
contig-100_26_2	128201
contig-100_88_1	350
contig-100_160_2	124
contig-100_243_4	2
contig-100_145_4	591
contig-100_3_61	12
contig-100_16_5	9910
contig-100_434_2	16
contig-100_5_39	2118
contig-100_198_2	10
contig-100_36_14	62
contig-100_17_6	5915
contig-100_49_10	33
contig-100_5_7	11109
contig-100_11_21	495
contig-100_9_51	31
contig-100_20_19	357
contig-100_9_52	31
contig-100_0_57	3280
contig-100_442_1	16
contig-100_100_1	8497
contig-100_17_26	433
contig-100_5_32	1151
contig-100_62_5	136
contig-100_20_8	5188
contig-100_9_30	503
contig-100_272_1	135
contig-100_320_2	8
contig-100_0_45	7577
contig-100_11_22	433
contig-100_380_1	119
contig-100_0_105	3003
contig-100_23_16	42
contig-100_283_3	1
contig-100_47_7	123
contig-100_227_1	1711
contig-100_52_8	178
contig-100_2_68	604
contig-100_491_1	34
contig-100_43_2	29052
contig-100_26_12	122
contig-100_169_1	1966
contig-100_6_2	63305
contig-100_16_14	392
contig-100_117_6	2
contig-100_530_1	31
contig-100_16_2	26934
contig-100_233_1	101
contig-100_123_4	16
contig-100_16_22	457
contig-100_152_3	50
contig-100_180_1	1842
contig-100_79_4	321
contig-100_19_10	1618
contig-100_40_9	307
contig-100_1_57	1635
contig-100_302_2	11989
contig-100_4_9	2084
contig-100_72_5	19
contig-100_15_13	14308
contig-100_280_2	13
contig-100_301_3	5
contig-100_6_8	7662
contig-100_0_85	1591
contig-100_7_50	182
contig-100_274_3	6
contig-100_328_1	171
contig-100_278_1	689
contig-100_16_7	1385
contig-100_388_3	2
contig-100_357_1	169
contig-100_32_2	24093
contig-100_232_2	75
contig-100_75_9	4
contig-100_234_2	65
contig-100_100_3	1552
contig-100_150_5	8810
contig-100_18_27	88
contig-100_1_46	2238
contig-100_258_1	100
contig-100_7_57	45
contig-100_24_14	203
contig-100_15_33	661
contig-100_51_2	27322
contig-100_252_1	368
contig-100_240_2	50
contig-100_487_1	18
contig-100_17_8	4285
contig-100_1_24	17400
contig-100_446_1	1071
contig-100_5_43	2168
contig-100_397_1	16
contig-100_518_3	996
contig-100_97_3	773
contig-100_107_5	816
contig-100_4_24	2792
contig-100_21_5	9888
contig-100_2_72	27
contig-100_13_24	1
contig-100_48_9	84
contig-100_411_2	69
contig-100_44_8	78
contig-100_74_5	49
contig-100_508_1	52
contig-100_395_1	169
contig-100_1_35	14300
contig-100_86_6	65
contig-100_18_7	2387
contig-100_50_6	33
contig-100_145_1	413
contig-100_43_7	99721
contig-100_120_2	1155
contig-100_9_18	3773
contig-100_24_6	9214
contig-100_126_6	3
contig-100_34_10	410
contig-100_550_2	34
contig-100_2_25	1139
contig-100_14_16	162
contig-100_171_4	4
contig-100_4_72	107
contig-100_126_5	7
contig-100_17_21	372
contig-100_141_6	8
contig-100_448_1	46
contig-100_247_3	23
contig-100_226_3	12
contig-100_157_1	566
contig-100_377_1	62
contig-100_134_2	1036
contig-100_72_7	9
contig-100_13_3	48530
contig-100_105_2	750
contig-100_84_6	3
contig-100_3_32	7874
contig-100_1_16	21046
contig-100_70_1	16415
contig-100_340_1	30
contig-100_50_7	1015
contig-100_104_4	125
contig-100_262_1	225
contig-100_9_37	668
contig-100_68_5	430
contig-100_488_1	113
contig-100_56_9	56
contig-100_459_2	18
contig-100_254_1	454
contig-100_33_5	756
contig-100_10_16	2967
contig-100_558_1	5
contig-100_5_19	1571
contig-100_3_55	927
contig-100_4_74	938
contig-100_223_1	267
contig-100_31_2	39814
contig-100_73_1	1886
contig-100_3_75	57
contig-100_255_1	50
contig-100_262_2	38
contig-100_149_1	446
contig-100_0_50	3717
contig-100_25_7	3337
contig-100_393_3	1
contig-100_163_3	172
contig-100_372_1	434
contig-100_91_1	34933
contig-100_59_3	211
contig-100_74_9	1
contig-100_451_4	5
contig-100_167_3	46
contig-100_136_2	1700
contig-100_0_94	1223
contig-100_364_2	1
contig-100_118_2	202
contig-100_36_11	14
contig-100_19_3	3344
contig-100_260_2	356
contig-100_0_65	22973
contig-100_208_5	14
contig-100_164_2	166
contig-100_169_2	112808
contig-100_501_2	99
contig-100_56_3	563
contig-100_299_2	64
contig-100_39_5	75797
contig-100_151_4	1417
contig-100_384_1	52
contig-100_229_2	45
contig-100_30_4	53135
contig-100_66_3	446
contig-100_48_2	24212
contig-100_2_50	2331
contig-100_1_75	54
contig-100_561_2	2
contig-100_292_2	19
contig-100_46_9	76
contig-100_85_1	3546
contig-100_399_1	81
contig-100_372_3	2
contig-100_27_7	7623
contig-100_139_1	409
contig-100_4_11	3049
contig-100_3_70	611
contig-100_8_15	3586
contig-100_2_37	1238
contig-100_306_1	77
contig-100_119_1	1140
contig-100_263_2	369
contig-100_331_1	458
contig-100_25_13	327
contig-100_98_5	33
contig-100_0_82	6417
contig-100_65_1	1248
contig-100_155_5	14
contig-100_336_1	17
contig-100_55_9	25
contig-100_38_6	401
contig-100_261_1	1297
contig-100_3_31	8171
contig-100_131_3	576
contig-100_437_3	6
contig-100_13_21	1307
contig-100_142_4	7
contig-100_5_1	18479
contig-100_98_7	45
contig-100_0_30	6379
contig-100_106_1	2833
contig-100_25_6	6716
contig-100_287_1	692
contig-100_435_1	124
contig-100_3_49	400
contig-100_13_16	855
contig-100_176_2	31958
contig-100_6_48	1004
contig-100_459_3	3
contig-100_243_5	10
contig-100_5_28	2201
contig-100_284_4	1
contig-100_10_32	18
contig-100_454_1	3
contig-100_3_56	36
contig-100_18_19	61
contig-100_127_3	218
contig-100_510_2	1
contig-100_367_2	4
contig-100_447_2	83
contig-100_86_2	1214
contig-100_466_1	83
contig-100_115_1	10892
contig-100_192_2	146
contig-100_0_51	3660
contig-100_392_1	23
contig-100_9_7	4811
contig-100_6_21	3537
contig-100_37_3	1550
contig-100_15_24	409
contig-100_0_79	4320
contig-100_22_5	643077
contig-100_33_11	8
contig-100_80_3	3856
contig-100_497_1	38894
contig-100_0_4	11200
contig-100_9_10	4299
contig-100_393_1	16
contig-100_249_3	50
contig-100_0_88	2641
contig-100_220_3	1
contig-100_130_2	38816
contig-100_238_2	46
contig-100_35_10	301
contig-100_206_2	171
contig-100_274_1	204
contig-100_77_1	3182
contig-100_135_3	85
contig-100_21_23	86
contig-100_8_26	274
contig-100_184_2	106
contig-100_236_1	15680
contig-100_229_1	24879
contig-100_200_2	116
contig-100_15_4	124784
contig-100_33_15	43
contig-100_204_3	42
contig-100_1_28	5859
contig-100_8_47	265
contig-100_355_2	9
contig-100_35_6	1255
contig-100_0_5	22224
contig-100_48_1	66541
contig-100_3_62	619
contig-100_8_19	1207
contig-100_0_111	1074
contig-100_4_43	115
contig-100_151_1	616
contig-100_40_3	14216
contig-100_345_1	58
contig-100_10_1	53646
contig-100_7_4	42435
contig-100_535_1	17
contig-100_26_11	24
contig-100_90_2	325
contig-100_348_3	2
contig-100_293_3	6
contig-100_313_1	90
contig-100_16_21	1815
contig-100_154_2	54
contig-100_3_46	306
contig-100_142_1	1078
contig-100_353_2	35
contig-100_0_40	5439
contig-100_26_8	9122
contig-100_460_2	17
contig-100_38_5	1481
contig-100_96_1	12674
contig-100_414_2	5
contig-100_5_40	1191
contig-100_78_3	2109
contig-100_5_30	1390
contig-100_6_3	40523
contig-100_31_11	716
contig-100_59_7	8
contig-100_95_7	26
contig-100_3_63	102
contig-100_409_3	10
contig-100_46_8	704
contig-100_12_22	796
contig-100_128_3	56
contig-100_242_1	206
contig-100_88_4	51
contig-100_4_16	2033
contig-100_207_3	16
contig-100_1_23	2730
contig-100_102_5	1
contig-100_235_2	90
contig-100_72_1	7500
contig-100_343_2	13
contig-100_113_3	106
contig-100_161_3	247
contig-100_7_31	1188
contig-100_404_2	1
contig-100_114_5	37
contig-100_141_2	31024
contig-100_11_26	1267
contig-100_351_1	71
contig-100_13_8	7149
contig-100_26_7	2376
contig-100_390_1	8
contig-100_23_9	22525
contig-100_4_4	45732
contig-100_12_11	1674
contig-100_112_1	9318
contig-100_356_3	6
contig-100_176_1	21983
contig-100_231_2	65
contig-100_44_15	7
contig-100_52_3	567
contig-100_5_16	857
contig-100_275_1	49
contig-100_84_1	30680
contig-100_0_67	58892
contig-100_174_1	523
contig-100_158_4	14
contig-100_266_1	254
contig-100_0_47	6836
contig-100_277_3	258
contig-100_118_1	680
contig-100_73_2	1775
contig-100_219_2	141
contig-100_3_19	6812
contig-100_62_8	21
contig-100_67_1	168780
contig-100_352_1	41
contig-100_408_1	7
contig-100_41_4	1178
contig-100_30_3	42439
contig-100_32_10	15
contig-100_168_1	4249
contig-100_19_22	11
contig-100_301_2	23
contig-100_2_39	1353
contig-100_65_4	108
contig-100_1_58	861
contig-100_11_11	2649
contig-100_2_16	1817
contig-100_254_2	14
contig-100_158_1	106
contig-100_373_1	200
contig-100_15_8	18468
contig-100_9_42	1393
contig-100_187_2	516
contig-100_202_2	113
contig-100_178_5	45
contig-100_172_1	6910
contig-100_11_17	749
contig-100_14_1	29670
contig-100_156_1	268
contig-100_64_6	166
contig-100_3_29	1569
contig-100_58_3	226
contig-100_0_11	11681
contig-100_1_13	12448
contig-100_115_5	2
contig-100_2_19	908
contig-100_6_19	1432
contig-100_3_20	4580
contig-100_328_3	3
contig-100_4_54	777
contig-100_227_2	463
contig-100_544_2	57
contig-100_289_2	70
contig-100_3_59	414
contig-100_364_1	37
contig-100_13_20	71
contig-100_9_33	435
contig-100_321_2	21
contig-100_6_43	600
contig-100_145_5	15
contig-100_21_13	778
contig-100_97_5	4
contig-100_111_5	33
contig-100_301_1	51
contig-100_36_5	81031
contig-100_215_2	6
contig-100_197_2	47
contig-100_415_1	27
contig-100_41_13	1
contig-100_478_2	31
contig-100_62_10	27
contig-100_341_2	3
contig-100_31_10	56
contig-100_222_1	3027
contig-100_354_2	38078
contig-100_110_3	494
contig-100_1_43	1007
contig-100_1_67	2133
contig-100_268_1	72
contig-100_11_18	347
contig-100_61_4	243
contig-100_263_3	23
contig-100_54_1	28295
contig-100_150_1	201332
contig-100_166_2	50
contig-100_32_6	13429
contig-100_39_8	10138
contig-100_63_2	727
contig-100_316_2	73
contig-100_50_2	133948
contig-100_0_13	7050
contig-100_16_26	39
contig-100_182_3	34
contig-100_44_11	7
contig-100_157_2	79
contig-100_374_2	11
contig-100_27_13	6
contig-100_8_33	2019
contig-100_294_2	2555
contig-100_204_2	33
contig-100_54_6	127082
contig-100_119_5	25
contig-100_126_1	7930
contig-100_1_61	2183
contig-100_8_7	18967
contig-100_62_1	453
contig-100_2_75	544
contig-100_147_3	159
contig-100_507_2	10
contig-100_23_2	127659
contig-100_71_4	101
contig-100_5_55	838
contig-100_18_14	355
contig-100_96_4	46
contig-100_134_5	5
contig-100_78_6	38
contig-100_98_10	22
contig-100_17_11	1267
contig-100_512_2	32
contig-100_424_1	1079
contig-100_0_58	1728
contig-100_22_15	13
contig-100_0_26	13703
contig-100_489_1	2624
contig-100_92_5	30
contig-100_1_71	103
contig-100_81_2	6634
contig-100_6_17	1552
contig-100_7_16	2851
contig-100_366_2	8
contig-100_36_15	15
contig-100_0_37	4569
contig-100_281_2	209
contig-100_91_7	39
contig-100_148_4	20
contig-100_11_32	983
contig-100_1_10	5662
contig-100_16_6	31036
contig-100_0_99	421
contig-100_7_28	2373
contig-100_24_12	260
contig-100_138_2	4072
contig-100_2_21	3169
contig-100_3_8	25326
contig-100_0_109	703
contig-100_2_55	1379
contig-100_4_32	1721
contig-100_118_6	3
contig-100_102_4	45
contig-100_303_4	2
contig-100_49_8	92
contig-100_1_78	656
contig-100_5_3	44513
contig-100_57_3	802
contig-100_305_2	25
contig-100_43_3	44197
contig-100_6_41	209
contig-100_31_9	21
contig-100_71_6	11
contig-100_19_21	43
contig-100_48_6	4190
contig-100_400_3	7
contig-100_12_18	687
contig-100_6_31	4927
contig-100_317_3	72
contig-100_0_54	3268
contig-100_105_5	19
contig-100_307_2	36
contig-100_0_103	840
contig-100_109_2	32161
contig-100_20_4	8610
contig-100_347_1	69
contig-100_29_8	190
contig-100_4_37	1643
contig-100_45_5	1856
contig-100_37_11	21
contig-100_10_11	3597
contig-100_183_1	99
contig-100_170_1	5454
contig-100_126_2	1796
contig-100_17_1	107390
contig-100_0_81	23708
contig-100_412_1	32
contig-100_398_2	8
contig-100_186_2	89
contig-100_6_12	8131
contig-100_496_2	11
contig-100_1_1	6807
contig-100_53_2	4742
contig-100_337_2	12
contig-100_150_6	29243
contig-100_252_4	2
contig-100_31_6	633
contig-100_339_1	82
contig-100_8_23	804
contig-100_525_2	9
contig-100_44_3	704
contig-100_253_2	349
contig-100_285_3	10
contig-100_2_33	1930
contig-100_378_1	38
contig-100_99_3	382
contig-100_3_43	2446
contig-100_513_2	9
contig-100_1_7	8144
contig-100_15_12	115012
contig-100_298_4	2
contig-100_444_1	3477
contig-100_70_4	262
contig-100_3_1	26803
contig-100_2_28	2290
contig-100_19_17	211
contig-100_34_2	6846
contig-100_60_4	507
contig-100_201_2	38
contig-100_244_5	3
contig-100_27_3	22108
contig-100_241_4	2
contig-100_121_6	5
contig-100_9_46	73
contig-100_14_27	29
contig-100_319_1	60
contig-100_259_3	26
contig-100_15_17	311
contig-100_107_2	291
contig-100_526_2	203
contig-100_505_3	36
contig-100_376_2	12
contig-100_224_1	230
contig-100_14_13	352
contig-100_117_3	17
contig-100_143_4	28
contig-100_9_14	2903
contig-100_247_4	29
contig-100_18_9	1576
contig-100_16_18	217
contig-100_2_17	1082
contig-100_217_2	157
contig-100_20_18	271
contig-100_451_3	1
contig-100_536_1	12
contig-100_271_2	60
contig-100_4_71	181
contig-100_271_1	35
contig-100_250_1	4907
contig-100_51_7	118
contig-100_42_3	73152
contig-100_60_7	6
contig-100_0_97	436
contig-100_6_37	212
contig-100_2_24	702
contig-100_22_24	1242
contig-100_473_1	15
contig-100_25_2	68890
contig-100_293_2	20
contig-100_11_9	2164
contig-100_203_4	118
contig-100_3_13	15672
contig-100_13_6	14354
contig-100_2_61	421
contig-100_375_1	34
contig-100_7_9	50258
contig-100_50_5	988
contig-100_18_12	439
contig-100_185_3	19
contig-100_54_2	14425
contig-100_2_42	1263
contig-100_42_4	149394
contig-100_196_2	119
contig-100_6_32	779
contig-100_439_2	1
contig-100_9_38	356
contig-100_463_2	122
contig-100_21_16	3167
contig-100_28_12	19
contig-100_421_2	1
contig-100_29_5	31397
contig-100_17_5	2710
contig-100_153_5	7
contig-100_0_60	3421
contig-100_22_4	54371
contig-100_121_4	470
contig-100_116_6	2
contig-100_20_12	1314
contig-100_0_72	21332
contig-100_13_17	130
contig-100_69_5	12
contig-100_10_5	3819
contig-100_137_4	3
contig-100_23_13	1736
contig-100_166_4	350
contig-100_20_11	1794
contig-100_108_4	43
contig-100_169_3	12
contig-100_170_3	263
contig-100_485_1	496
contig-100_292_1	515
contig-100_26_3	47754
contig-100_40_10	35
contig-100_7_37	863
contig-100_21_2	1874
contig-100_163_4	3
contig-100_333_3	3
contig-100_20_9	631
contig-100_442_3	2
contig-100_144_3	31
contig-100_26_4	103805
contig-100_0_44	9946
contig-100_98_2	260
contig-100_18_20	90
contig-100_363_2	28
contig-100_78_4	12
contig-100_228_2	99
contig-100_14_15	514
contig-100_5_8	2956
contig-100_182_1	2433
contig-100_350_4	58
contig-100_0_35	12910
contig-100_431_2	12
contig-100_371_3	2
contig-100_5_53	519
contig-100_7_30	1154
contig-100_243_3	9
contig-100_123_1	1522
contig-100_379_1	31
contig-100_101_2	1610
contig-100_185_2	8352
contig-100_205_3	36
contig-100_76_3	5087
contig-100_100_2	8451
contig-100_411_1	32
contig-100_66_7	67
contig-100_0_56	4409
contig-100_408_4	5
contig-100_11_3	17433
contig-100_0_28	9942
contig-100_2_49	6963
contig-100_4_52	2280
contig-100_214_1	318
contig-100_81_5	317
contig-100_51_12	8
contig-100_191_3	411
contig-100_504_3	1
contig-100_35_2	9156
contig-100_509_2	3
contig-100_22_13	1285
contig-100_0_21	11515
contig-100_72_2	2712
contig-100_74_11	2
contig-100_25_18	467
contig-100_1_53	1708
contig-100_210_4	3
contig-100_24_10	10936
contig-100_209_3	6
contig-100_2_4	5317
contig-100_327_3	10
contig-100_80_2	11935
contig-100_28_4	35975
contig-100_178_4	61
contig-100_252_2	34
contig-100_144_6	32
contig-100_24_2	11500
contig-100_318_1	386862
contig-100_309_2	28
contig-100_8_2	11270
contig-100_216_3	20
contig-100_20_2	26883
contig-100_116_2	321
contig-100_420_1	188
contig-100_3_2	16608
contig-100_44_4	1193
contig-100_461_2	35
contig-100_17_25	142
contig-100_2_7	24632
contig-100_99_8	26
contig-100_303_2	34
contig-100_232_1	1828
contig-100_8_40	232
contig-100_1_51	1014
contig-100_173_4	3
contig-100_68_6	22
contig-100_0_23	30270
contig-100_1_49	1289
contig-100_52_7	12469
contig-100_310_1	81
contig-100_31_4	147533
contig-100_98_1	1648
contig-100_117_5	26
contig-100_158_3	114
contig-100_4_45	2058
contig-100_486_1	18
contig-100_230_1	58
contig-100_217_1	1682
contig-100_15_1	239363
contig-100_1_31	23942
contig-100_140_3	193
contig-100_174_5	37
contig-100_3_24	24501
contig-100_360_1	28
contig-100_476_2	9
contig-100_93_4	216
contig-100_157_5	127
contig-100_11_5	27343
contig-100_30_7	9733
contig-100_102_2	341
contig-100_192_6	21
contig-100_290_3	8
contig-100_0_14	13347
contig-100_329_2	1
contig-100_70_6	22
contig-100_5_12	3765
contig-100_15_28	345
contig-100_261_3	531
contig-100_181_1	481
contig-100_53_6	876
contig-100_9_4	4731
contig-100_443_2	6
contig-100_247_2	16
contig-100_7_24	1301
contig-100_73_4	98
contig-100_5_4	10184
contig-100_38_4	1289
contig-100_12_16	1230
contig-100_77_5	104
contig-100_105_1	3727
contig-100_49_6	312
contig-100_3_15	19258
contig-100_173_1	5537
contig-100_358_1	51
contig-100_5_47	1012
contig-100_7_14	5304
contig-100_132_5	180
contig-100_97_1	9037
contig-100_92_6	2
contig-100_294_3	2
contig-100_407_2	26
contig-100_552_2	2
contig-100_381_1	3967
contig-100_38_1	32179
contig-100_264_2	23
contig-100_40_1	31738
contig-100_241_1	11056
contig-100_4_73	275
contig-100_5_37	1243
contig-100_224_2	158
contig-100_1_20	13841
contig-100_151_3	482
contig-100_122_1	1952
contig-100_118_3	126
contig-100_318_2	14
contig-100_90_4	15
contig-100_104_3	312
contig-100_19_5	7362
contig-100_27_4	28582
contig-100_83_2	16294
contig-100_171_3	167
contig-100_131_1	3890
contig-100_103_6	6
contig-100_111_2	485
contig-100_67_7	6
contig-100_18_6	7671
contig-100_74_4	213
contig-100_155_3	780
contig-100_6_5	40691
contig-100_270_2	113
contig-100_324_2	2
contig-100_61_6	108
contig-100_165_1	1713
contig-100_1_36	5522
contig-100_7_34	7385
contig-100_94_3	15256
contig-100_92_2	3772
contig-100_128_2	158
contig-100_19_4	2452
contig-100_223_2	143
contig-100_528_1	47
contig-100_95_1	1082
contig-100_3_9	5737
contig-100_45_9	2196
contig-100_425_2	4
contig-100_395_2	2
contig-100_285_1	22
contig-100_306_2	12
contig-100_9_5	5146
contig-100_167_2	305
contig-100_27_10	343
contig-100_384_2	2
contig-100_125_4	1501
contig-100_33_6	388
contig-100_64_2	14227
contig-100_3_40	4322
contig-100_344_2	43
contig-100_464_2	13
contig-100_148_3	18
contig-100_426_2	12
contig-100_2_36	1665
contig-100_3_10	30899
contig-100_56_4	24619
contig-100_164_1	672
contig-100_354_3	17358
contig-100_4_12	12475
contig-100_48_7	18217
contig-100_0_104	4860
contig-100_4_8	28960
contig-100_515_1	10
contig-100_305_1	88
contig-100_86_1	931
contig-100_41_10	73
contig-100_323_1	1697
contig-100_198_1	703
contig-100_492_3	34
contig-100_51_9	36
contig-100_237_2	282
contig-100_36_10	26
contig-100_31_1	203561
contig-100_13_11	6132
contig-100_74_8	39
contig-100_186_1	265
contig-100_21_11	23
contig-100_4_55	2336
contig-100_220_1	103
contig-100_500_1	19
contig-100_17_15	884
contig-100_398_1	17
contig-100_138_4	35
contig-100_47_3	2880
contig-100_194_1	91
contig-100_69_1	431559
contig-100_251_1	6099
contig-100_50_10	11
contig-100_167_5	6
contig-100_58_8	23
contig-100_34_8	2300
contig-100_96_6	4
contig-100_195_2	259
contig-100_2_13	1050
contig-100_332_2	6
contig-100_524_1	76
contig-100_298_3	12
contig-100_419_1	30
contig-100_1_63	2524
contig-100_467_2	7
contig-100_91_3	359
contig-100_3_5	13765
contig-100_140_5	7
contig-100_4_23	2708
contig-100_21_9	5508
contig-100_7_44	307
contig-100_10_21	570
contig-100_1_17	21033
contig-100_159_2	107500
contig-100_219_1	330
contig-100_550_1	26
contig-100_244_1	58
contig-100_146_5	23
contig-100_233_2	114
contig-100_113_5	4
contig-100_79_3	222
contig-100_51_4	3985
contig-100_311_2	4
contig-100_273_3	6577
contig-100_150_4	4
contig-100_56_1	19919
contig-100_4_18	4367
contig-100_81_1	8189
contig-100_190_5	30394
contig-100_26_13	223
contig-100_334_2	9
contig-100_210_1	2985
contig-100_16_15	400
contig-100_2_1	6343
contig-100_215_1	2728
contig-100_19_18	478
contig-100_100_4	1575
contig-100_32_1	8317
contig-100_107_4	762
contig-100_360_2	5
contig-100_152_4	34
contig-100_19_11	883
contig-100_258_4	6
contig-100_5_20	950
contig-100_9_25	473
contig-100_172_3	32
contig-100_13_23	360
contig-100_438_1	5841
contig-100_0_100	414
contig-100_8_27	2667
contig-100_19_13	537
contig-100_323_3	3
contig-100_2_12	2094
contig-100_31_8	369
contig-100_1_45	1479
contig-100_14_5	30533
contig-100_32_3	9729
contig-100_12_24	945
contig-100_226_2	774
contig-100_11_23	675
contig-100_46_5	556
contig-100_28_10	229
contig-100_154_4	2
contig-100_63_8	4
contig-100_3_28	2214
contig-100_59_5	393
contig-100_75_8	29
contig-100_120_1	7630
contig-100_105_4	922
contig-100_9_17	1338
contig-100_295_2	15
contig-100_44_9	137
contig-100_84_5	68
contig-100_11_27	5320
contig-100_3_33	23328
contig-100_357_4	12
contig-100_1_14	61393
contig-100_37_2	2351
contig-100_474_3	4
contig-100_8_38	1312
contig-100_17_7	6747
contig-100_86_5	1
contig-100_493_2	2409
contig-100_9_44	46
contig-100_51_3	995
contig-100_141_7	7
contig-100_17_20	215
contig-100_130_3	38
contig-100_26_9	182
contig-100_0_27	15590
contig-100_109_1	4972
contig-100_154_3	132
contig-100_11_10	1943
contig-100_21_6	76870
contig-100_534_1	11
contig-100_269_3	14
contig-100_112_4	5
contig-100_46_7	2013
contig-100_92_1	7183
contig-100_353_1	97
contig-100_23_1	65465
contig-100_4_3	5990
contig-100_12_23	400
contig-100_96_2	2814
contig-100_455_2	29
contig-100_0_6	18885
contig-100_29_10	92
contig-100_450_1	1411
contig-100_63_1	1851
contig-100_114_4	133
contig-100_12_21	721
contig-100_160_3	192
contig-100_49_5	179
contig-100_373_3	67
contig-100_2_20	1845
contig-100_62_4	88
contig-100_1_80	350
contig-100_12_10	1303
contig-100_406_1	15
contig-100_113_4	62
contig-100_3_6	13282
contig-100_0_66	1828
contig-100_134_6	4
contig-100_49_13	105
contig-100_183_2	134
contig-100_33_9	21
contig-100_279_1	305
contig-100_41_3	1353
contig-100_142_2	306
contig-100_190_1	5965
contig-100_43_8	26344
contig-100_298_1	34051
contig-100_4_26	2771
contig-100_44_12	82
contig-100_6_34	1155
contig-100_295_1	51
contig-100_11_16	1867
contig-100_82_5	119
contig-100_175_2	176
contig-100_2_59	14
contig-100_409_1	5
contig-100_343_3	6
contig-100_7_20	1186
contig-100_39_1	21890
contig-100_44_14	9
contig-100_536_2	6
contig-100_402_1	12
contig-100_4_36	1552
contig-100_10_28	101
contig-100_234_3	5
contig-100_4_15	24087
contig-100_182_4	7
contig-100_14_12	795
contig-100_410_1	6
contig-100_263_1	1143
contig-100_557_1	14
contig-100_231_3	11
contig-100_10_22	1312
contig-100_409_2	8
contig-100_9_22	1867
contig-100_1_18	32240
contig-100_30_2	116025
contig-100_29_12	12
contig-100_522_1	2
contig-100_56_12	14
contig-100_14_2	7470
contig-100_0_31	5789
contig-100_291_2	8
contig-100_561_3	5
contig-100_327_2	3
contig-100_9_41	33
contig-100_246_3	26
contig-100_23_6	39276
contig-100_153_1	1019
contig-100_2_27	2238
contig-100_368_3	4
contig-100_226_1	836
contig-100_3_66	1334
contig-100_2_8	4019
contig-100_319_2	150
contig-100_1_68	1297
contig-100_2_45	902
contig-100_389_1	28
contig-100_42_7	176980
contig-100_133_2	1015
contig-100_129_2	998
contig-100_347_2	14
contig-100_8_39	241
contig-100_6_47	635
contig-100_13_10	20237
contig-100_2_65	61
contig-100_8_46	204
contig-100_57_9	2
contig-100_447_1	16
contig-100_170_7	1
contig-100_21_12	111
contig-100_25_14	64
contig-100_3_30	7519
contig-100_90_3	102
contig-100_90_8	4
contig-100_16_1	210570
contig-100_491_3	11
contig-100_95_2	1993
contig-100_184_3	32
contig-100_0_53	5551
contig-100_241_5	2
contig-100_287_2	80
contig-100_0_93	399
contig-100_9_13	1801
contig-100_57_10	8
contig-100_5_27	391
contig-100_1_2	10916
contig-100_56_5	111
contig-100_162_1	415
contig-100_10_4	268706
contig-100_103_2	35357
contig-100_312_1	282
contig-100_342_1	5465
contig-100_83_1	35722
contig-100_5_52	1441
contig-100_220_5	6
contig-100_0_89	503
contig-100_85_2	573
contig-100_115_2	707
contig-100_284_3	14
contig-100_204_4	6
contig-100_3_51	1513
contig-100_80_6	5
contig-100_6_22	1904
contig-100_24_13	66
contig-100_36_4	215766
contig-100_7_5	38831
contig-100_23_17	10
contig-100_89_4	83
contig-100_99_4	253
contig-100_98_8	14
contig-100_192_3	15
contig-100_174_4	26
contig-100_61_7	48
contig-100_3_18	9493
contig-100_4_42	1354
contig-100_8_32	1178
contig-100_176_3	100
contig-100_0_78	897
contig-100_348_2	5
contig-100_367_1	36
contig-100_300_1	31343
contig-100_20_5	58036
contig-100_35_5	23350
contig-100_512_1	22
contig-100_71_3	597
contig-100_333_1	67
contig-100_15_30	102
contig-100_16_20	425
contig-100_313_2	25
contig-100_119_3	1304
contig-100_471_1	62
contig-100_0_83	3066
contig-100_2_32	1877
contig-100_3_57	39
contig-100_113_6	23
contig-100_468_1	36
contig-100_336_2	24
contig-100_17_12	999
contig-100_249_2	96
contig-100_33_12	17
contig-100_4_63	180
contig-100_1_29	22245
contig-100_5_49	672
contig-100_206_3	19
contig-100_135_2	886
contig-100_424_2	1
contig-100_6_50	846
contig-100_163_1	1491
contig-100_0_46	5983
contig-100_38_10	34
contig-100_5_2	61121
contig-100_22_18	1
contig-100_495_1	38
contig-100_331_2	12
contig-100_12_6	5336
contig-100_31_12	849
contig-100_58_7	8
contig-100_230_3	6
contig-100_121_5	191
contig-100_53_3	288
contig-100_25_17	2318
contig-100_28_3	1128
contig-100_9_29	509
contig-100_4_49	539
contig-100_0_108	791
contig-100_164_3	12
contig-100_45_4	13608
contig-100_348_1	30
contig-100_307_3	5
contig-100_177_2	85
contig-100_57_4	1279
contig-100_337_1	21
contig-100_15_7	151914
contig-100_303_3	16
contig-100_439_1	9
contig-100_139_4	50
contig-100_189_3	10
contig-100_34_3	6866
contig-100_96_5	24
contig-100_252_5	20
contig-100_15_18	577
contig-100_31_5	25510
contig-100_458_1	20
contig-100_70_2	5051
contig-100_99_1	714
contig-100_10_12	3327
contig-100_413_1	40
contig-100_0_71	2810
contig-100_74_1	1343
contig-100_278_2	103
contig-100_49_9	187
contig-100_10_9	2131
contig-100_135_1	1136
contig-100_33_2	2703
contig-100_427_1	78
contig-100_529_1	30
contig-100_259_2	21
contig-100_275_4	2
contig-100_37_10	201
contig-100_53_1	26342
contig-100_94_7	1
contig-100_123_5	12
contig-100_496_1	232
contig-100_2_56	1513
contig-100_75_5	135
contig-100_11_1	54657
contig-100_1_32	8120
contig-100_358_2	4
contig-100_404_3	16
contig-100_60_3	778
contig-100_8_20	1181
contig-100_15_21	472
contig-100_29_9	638
contig-100_310_2	12384
contig-100_9_40	615
contig-100_167_1	691
contig-100_37_7	2618
contig-100_260_1	65
contig-100_168_2	47
contig-100_133_6	9
contig-100_5_15	3578
contig-100_17_19	1
contig-100_235_3	115
contig-100_117_2	18951
contig-100_382_1	40
contig-100_146_4	24
contig-100_30_10	91
contig-100_201_3	5
contig-100_334_1	11
contig-100_8_34	1452
contig-100_523_1	12
contig-100_0_19	4333
contig-100_6_18	1038
contig-100_23_12	156
contig-100_5_42	6983
contig-100_137_1	10117
contig-100_88_2	88
contig-100_3_25	24459
contig-100_440_1	29021
contig-100_330_2	7
contig-100_44_5	446
contig-100_244_4	23
contig-100_208_1	443
contig-100_270_3	4
contig-100_187_1	16975
contig-100_436_1	64
contig-100_9_45	50
contig-100_143_3	83
contig-100_18_8	898
contig-100_8_13	8362
contig-100_7_27	906
contig-100_9_34	25
contig-100_39_6	20750
contig-100_186_5	4
contig-100_3_37	9178
contig-100_52_2	5192
contig-100_7_17	805
contig-100_285_2	3510
contig-100_7_41	360
contig-100_131_4	200
contig-100_18_13	316
contig-100_5_33	1494
contig-100_18_3	2562
contig-100_89_1	97199
contig-100_9_8	59582
contig-100_403_3	3
contig-100_197_3	26
contig-100_50_1	159787
contig-100_281_1	307
contig-100_32_7	3123
contig-100_200_1	8839
contig-100_58_4	411
contig-100_61_3	158
contig-100_484_2	6
contig-100_13_2	43287
contig-100_87_7	60
contig-100_248_3	12
contig-100_66_2	26891
contig-100_188_3	55
contig-100_443_1	584
contig-100_433_2	21
contig-100_147_4	40
contig-100_14_26	10
contig-100_341_1	39
contig-100_378_2	102
contig-100_228_3	33
contig-100_257_1	105
contig-100_328_2	13
contig-100_0_12	5425
contig-100_0_10	7639
contig-100_415_3	6
contig-100_166_3	1363
contig-100_175_1	134
contig-100_418_2	20
contig-100_145_2	32
contig-100_544_1	63
contig-100_6_42	1330
contig-100_1_42	355094
contig-100_288_1	1710
contig-100_6_16	3536
contig-100_119_4	448
contig-100_39_9	1
contig-100_256_2	47
contig-100_165_4	22
contig-100_3_72	828
contig-100_350_3	18
contig-100_12_32	217
contig-100_533_2	10
contig-100_57_6	89
contig-100_6_7	6976
contig-100_485_2	4
contig-100_207_2	11641
contig-100_12_28	225
contig-100_415_2	4
contig-100_509_1	25
contig-100_7_47	10
contig-100_125_5	75
contig-100_1_11	9955
contig-100_7_38	2303
contig-100_10_17	1011
contig-100_40_2	13372
contig-100_13_7	39373
contig-100_21_1	25533
contig-100_6_40	532
contig-100_141_3	44
contig-100_40_12	29
contig-100_72_8	2
contig-100_23_3	89187
contig-100_110_2	1478
contig-100_83_6	35
contig-100_17_4	16611
contig-100_290_4	4
contig-100_84_10	44
contig-100_5_9	3460
contig-100_44_10	17
contig-100_4_31	859
contig-100_18_18	231
contig-100_110_1	1341
contig-100_1_62	1253
contig-100_144_4	13
contig-100_19_14	571
contig-100_47_4	956
contig-100_227_3	1281
contig-100_16_25	36
contig-100_0_98	1535
contig-100_50_9	15
contig-100_4_51	4524
contig-100_19_8	10673
contig-100_64_7	2
contig-100_374_1	19
contig-100_5_56	214
contig-100_27_14	38
contig-100_11_33	2718
contig-100_267_3	14
contig-100_8_6	19296
contig-100_12_9	3018
contig-100_321_1	36
contig-100_107_8	4
contig-100_69_2	64797
contig-100_1_15	26087
contig-100_32_4	11265
contig-100_178_3	118
contig-100_366_1	163
contig-100_286_1	59
contig-100_89_8	6
contig-100_123_2	5089
contig-100_1_86	418
contig-100_21_8	7627
contig-100_211_3	18159
contig-100_68_7	10
contig-100_46_2	16329
contig-100_39_7	5757
contig-100_386_3	10
contig-100_11_28	1217
contig-100_101_1	1648
contig-100_21_24	154
contig-100_1_41	5390
contig-100_8_1	18914
contig-100_207_1	22520
contig-100_1_48	3131
contig-100_253_3	32
contig-100_16_19	1305
contig-100_9_16	4757
contig-100_5_57	1265
contig-100_150_3	3
contig-100_228_1	856
contig-100_4_7	19430
contig-100_252_3	58
contig-100_63_4	1033
contig-100_19_19	56
contig-100_188_2	587
contig-100_41_11	17
contig-100_183_3	73
contig-100_16_24	222
contig-100_40_7	1449
contig-100_1_64	1035
contig-100_233_3	21
contig-100_119_7	37
contig-100_11_4	35989
contig-100_3_23	3871
contig-100_20_10	1529
contig-100_56_2	1148
contig-100_17_23	1
contig-100_7_36	744
contig-100_189_1	206
contig-100_2_23	3139
contig-100_15_29	154
contig-100_15_5	790922
contig-100_335_2	17
contig-100_15_15	24227
contig-100_31_13	471
contig-100_41_2	851
contig-100_18_16	912
contig-100_0_107	1271
contig-100_21_3	3078
contig-100_18_1	2826
contig-100_273_2	25
contig-100_6_6	17444
contig-100_16_9	706
contig-100_303_1	35
contig-100_278_3	21
contig-100_72_9	15
contig-100_0_62	1657
contig-100_111_3	128
contig-100_357_3	15
contig-100_157_4	55
contig-100_481_2	45
contig-100_45_3	2710
contig-100_0_91	381
contig-100_518_1	28
contig-100_117_4	54
contig-100_45_1	36164
contig-100_290_1	26
contig-100_430_2	31
contig-100_83_3	22703
contig-100_381_2	26
contig-100_1_26	15163
contig-100_6_15	2070
contig-100_5_5	8063
contig-100_279_2	300
contig-100_521_3	6
contig-100_6_38	493
contig-100_87_8	18
contig-100_525_1	15
contig-100_75_7	41
contig-100_541_2	180
contig-100_3_34	2693
contig-100_493_1	127
contig-100_61_2	99724
contig-100_16_12	670
contig-100_92_3	213
contig-100_317_1	92
contig-100_0_38	6750
contig-100_482_1	25
contig-100_54_3	6281
contig-100_10_18	3145
contig-100_167_4	4
contig-100_176_4	1
contig-100_62_9	24
contig-100_2_69	856
contig-100_107_7	2
contig-100_165_2	126
contig-100_146_1	878
contig-100_107_1	851
contig-100_473_2	14
contig-100_40_5	25300
contig-100_380_2	8
contig-100_12_2	16612
contig-100_558_3	24
contig-100_118_4	106
contig-100_250_2	111
contig-100_4_29	653
contig-100_9_49	24
contig-100_490_2	1
contig-100_33_7	314
contig-100_13_19	399
contig-100_73_3	797
contig-100_13_5	7224
contig-100_18_11	588
contig-100_2_52	2851
contig-100_6_29	1956
contig-100_50_4	408
contig-100_15_10	25790
contig-100_200_3	17
contig-100_9_35	283
contig-100_169_4	17
contig-100_19_6	52686
contig-100_249_1	35
contig-100_0_75	90633
contig-100_477_1	13
contig-100_132_1	7205
contig-100_43_4	630
contig-100_8_22	940
contig-100_297_1	45
contig-100_37_1	36723
contig-100_1_69	2202
contig-100_1_37	2564
contig-100_46_4	4851
contig-100_371_2	7
contig-100_17_16	622
contig-100_25_9	645
contig-100_27_2	13702
contig-100_203_2	957
contig-100_11_12	1000
contig-100_82_3	204
contig-100_131_5	668
contig-100_81_4	1972
contig-100_131_7	20
contig-100_330_1	40
contig-100_38_7	1225
contig-100_412_2	14
contig-100_31_3	1150
contig-100_27_9	1248
contig-100_7_55	515
contig-100_9_28	1778
contig-100_54_8	1936
contig-100_122_2	696
contig-100_1_72	138
contig-100_532_1	72
contig-100_332_1	143
contig-100_384_3	18
contig-100_1_73	208
contig-100_267_1	1096
contig-100_311_3	6
contig-100_0_96	104
contig-100_4_60	871
contig-100_241_6	7
contig-100_94_2	2744
contig-100_237_1	1106
contig-100_8_24	1490
contig-100_36_13	76
contig-100_15_2	360311
contig-100_8_45	220
contig-100_154_1	1926
contig-100_12_15	743
contig-100_89_5	63
contig-100_16_29	3
contig-100_322_1	101
contig-100_7_52	186
contig-100_173_3	93
contig-100_2_6	4988
contig-100_12_13	2662
contig-100_6_11	23141
contig-100_8_43	268
contig-100_5_22	1099
contig-100_402_3	7
contig-100_282_2	57
contig-100_10_8	797
contig-100_546_2	4
contig-100_298_2	8
contig-100_80_1	13017
contig-100_16_10	1550
contig-100_362_1	78
contig-100_9_43	8
contig-100_269_1	155
contig-100_445_1	72
contig-100_246_4	12
contig-100_91_6	9
contig-100_40_11	12
contig-100_444_3	763
contig-100_5_46	665
contig-100_1_59	2057
contig-100_98_9	24
contig-100_55_2	2316
contig-100_420_2	10
contig-100_383_1	72
contig-100_350_1	18
contig-100_86_4	620
contig-100_4_17	3163
contig-100_179_3	1
contig-100_21_10	1756
contig-100_161_2	1456
contig-100_10_20	2119
contig-100_20_6	91252
contig-100_287_3	12
contig-100_135_5	1381
contig-100_77_2	534
contig-100_9_1	81988
contig-100_124_1	6005
contig-100_315_1	119
contig-100_438_2	3
contig-100_70_7	41
contig-100_119_8	1
contig-100_49_7	114
contig-100_334_4	2
contig-100_52_6	31712
contig-100_127_1	15255
contig-100_470_1	27
contig-100_12_25	287
contig-100_45_8	1497
contig-100_277_2	51
contig-100_213_1	3374
contig-100_24_5	233483
contig-100_343_1	435
contig-100_15_25	425
contig-100_284_2	231
contig-100_59_6	145
contig-100_24_1	84574
contig-100_5_11	2475
contig-100_7_6	29166
contig-100_2_62	226
contig-100_425_1	25
contig-100_9_32	1197
contig-100_8_17	4008
contig-100_0_77	1629
contig-100_3_53	836
contig-100_161_1	4194
contig-100_6_23	1024
contig-100_130_4	124
contig-100_134_3	262
contig-100_295_3	8
contig-100_275_3	2
contig-100_514_1	42
contig-100_560_2	63
contig-100_8_37	49
contig-100_88_5	50
contig-100_14_10	1277
contig-100_3_73	714
contig-100_105_3	164
contig-100_7_23	1574
contig-100_38_3	7805
contig-100_210_2	3742
contig-100_30_6	273
contig-100_6_33	2424
contig-100_511_1	26
contig-100_33_13	3
contig-100_314_3	160
contig-100_159_3	18029
contig-100_6_52	524
contig-100_12_5	57904
contig-100_65_5	126
contig-100_172_2	235
contig-100_55_4	587
contig-100_148_2	236
contig-100_3_68	336
contig-100_217_3	3
contig-100_103_7	4
contig-100_299_3	2
contig-100_2_18	1696
contig-100_26_1	116771
contig-100_35_12	6
contig-100_373_2	101
contig-100_95_4	1050
contig-100_499_1	17
contig-100_527_2	3
contig-100_90_5	37
contig-100_2_47	2227
contig-100_28_13	39
contig-100_101_3	166
contig-100_0_17	8816
contig-100_270_1	70
contig-100_125_3	47
contig-100_1_21	15159
contig-100_65_6	212
contig-100_63_7	1024
contig-100_121_3	94
contig-100_22_10	536
contig-100_519_1	18
contig-100_36_1	585524
contig-100_327_1	41
contig-100_4_2	6900
contig-100_153_2	155
contig-100_353_3	135
contig-100_29_2	97194
contig-100_106_2	914
contig-100_132_2	579
contig-100_4_20	2811
contig-100_147_1	467
contig-100_144_1	717
contig-100_243_2	23
contig-100_3_65	31
contig-100_64_3	383
contig-100_391_1	207
contig-100_193_3	30
contig-100_142_3	43
contig-100_25_12	1131
contig-100_11_24	1845
contig-100_116_1	488
contig-100_376_3	10
contig-100_193_1	436
contig-100_2_70	256
contig-100_7_33	4299
contig-100_21_19	1058
contig-100_87_1	61530
contig-100_199_1	361
contig-100_403_4	11
contig-100_162_3	58
contig-100_439_3	5
contig-100_14_19	126
contig-100_128_1	1002
contig-100_9_24	2907
contig-100_41_9	35
contig-100_21_14	4371
contig-100_11_15	1104
contig-100_57_7	139
contig-100_61_5	111
contig-100_28_9	383715
contig-100_0_32	9022
contig-100_2_83	365
contig-100_34_9	581
contig-100_22_8	1797
contig-100_7_10	149871
contig-100_389_2	3
contig-100_11_6	10249
contig-100_23_14	116
contig-100_116_5	1
contig-100_26_14	45
contig-100_556_1	82
contig-100_506_1	14
contig-100_62_3	218
contig-100_426_3	2
contig-100_30_9	153
contig-100_238_1	238
contig-100_170_6	10
contig-100_20_15	549
contig-100_36_7	15091
contig-100_106_3	139
contig-100_8_30	226
contig-100_4_44	535
contig-100_122_3	101
contig-100_104_5	13
contig-100_256_3	6
contig-100_4_56	5115
contig-100_5_38	7131
contig-100_145_6	11
contig-100_78_5	13
contig-100_417_1	37
contig-100_42_2	38648
contig-100_6_46	418
contig-100_2_14	2534
contig-100_14_3	4482
contig-100_194_2	163
contig-100_456_1	22
contig-100_168_3	29
contig-100_35_8	54
contig-100_35_1	13947
contig-100_202_4	2
contig-100_185_1	9903
contig-100_58_5	78
contig-100_363_3	4
contig-100_13_12	2232
contig-100_46_12	2
contig-100_76_2	3194
contig-100_18_21	884
contig-100_480_2	12
contig-100_22_12	301
contig-100_25_11	1238
contig-100_220_4	3
contig-100_276_2	84
contig-100_69_6	60
contig-100_94_1	15586
contig-100_66_6	54
contig-100_0_7	12854
contig-100_0_24	53943
contig-100_214_2	139
contig-100_456_3	122
contig-100_408_3	4
contig-100_49_1	6226
contig-100_166_5	193
contig-100_108_1	217618
contig-100_245_3	11
contig-100_289_3	11
contig-100_54_5	5115
contig-100_21_15	3960
contig-100_14_8	1889
contig-100_0_18	9230
contig-100_422_1	15
contig-100_265_1	43911
contig-100_29_1	40458
contig-100_8_10	14087
contig-100_71_2	636
contig-100_14_11	1430
contig-100_282_3	7
contig-100_87_2	345
contig-100_132_3	405
contig-100_2_80	210
contig-100_562_1	3
contig-100_16_4	1896
contig-100_7_18	1756
contig-100_2_66	141
contig-100_208_2	26
contig-100_115_3	116
contig-100_457_1	21
contig-100_58_1	3318
contig-100_0_52	5114
contig-100_360_3	24
contig-100_2_46	2001
contig-100_50_11	4
contig-100_25_5	91325
contig-100_13_1	37396
contig-100_255_3	4
contig-100_9_12	1826
contig-100_145_3	155
contig-100_190_2	73
contig-100_18_17	1331
contig-100_4_61	3016
contig-100_314_1	128
contig-100_56_6	59
contig-100_89_2	513
contig-100_247_1	788
contig-100_405_3	63
contig-100_5_35	1313
contig-100_3_60	269
contig-100_481_1	15
contig-100_268_3	17
contig-100_34_6	3024
contig-100_27_1	19302
contig-100_23_18	8
contig-100_262_3	3
contig-100_428_1	145
contig-100_32_8	9288
contig-100_5_34	1864
contig-100_3_27	12761
contig-100_190_4	1776
contig-100_212_3	2
contig-100_7_26	1204
contig-100_84_4	4941
contig-100_136_3	78
contig-100_359_1	131
contig-100_24_9	1516
contig-100_338_2	17200
contig-100_4_64	412
contig-100_83_7	50
contig-100_498_3	2
contig-100_54_4	2511
contig-100_8_31	2630
contig-100_50_8	708
contig-100_60_6	309
contig-100_4_68	1519
contig-100_197_4	24
contig-100_359_2	26
contig-100_258_3	4
contig-100_47_5	173
contig-100_8_16	2804
contig-100_12_8	9275
contig-100_12_20	473
contig-100_370_1	81
contig-100_25_16	867
contig-100_4_21	8506
contig-100_59_1	1784
contig-100_64_8	3
contig-100_484_1	16
contig-100_57_1	5934
contig-100_1_3	21118
contig-100_152_6	1
contig-100_2_11	2278
contig-100_8_5	48721
contig-100_79_2	598
contig-100_148_1	222
contig-100_559_1	41
contig-100_3_12	17250
contig-100_400_1	21
contig-100_67_6	31873
contig-100_35_7	2088
contig-100_259_1	803
contig-100_159_4	785
contig-100_21_20	18
contig-100_45_10	521
contig-100_357_2	10
contig-100_99_2	260
contig-100_36_17	3
contig-100_171_2	1325
contig-100_15_14	29779
contig-100_223_3	1
contig-100_40_8	14734
contig-100_74_3	287
contig-100_221_2	39
contig-100_17_13	667
contig-100_25_10	371
contig-100_528_2	62
contig-100_4_70	234
contig-100_224_3	13
contig-100_306_3	9
contig-100_449_2	21
contig-100_20_20	37
contig-100_7_2	175644
contig-100_1_25	7575
contig-100_4_48	2948
contig-100_19_1	15989
contig-100_53_4	1030
contig-100_143_6	4
contig-100_117_1	27931
contig-100_104_2	808
contig-100_0_101	1040
contig-100_33_3	667
contig-100_326_1	197
contig-100_2_35	2347
contig-100_516_2	29
contig-100_109_4	35
contig-100_4_25	5633
contig-100_13_25	39
contig-100_385_1	16
contig-100_280_1	548
contig-100_214_3	8
contig-100_74_7	26
contig-100_57_11	16
contig-100_487_3	3
contig-100_128_5	4
contig-100_12_29	1478
contig-100_425_3	4
contig-100_4_76	210
contig-100_16_16	1318
contig-100_18_2	7214
contig-100_37_6	2484
contig-100_133_5	956
contig-100_182_5	5
contig-100_402_2	2
contig-100_56_11	10
contig-100_4_35	1342
contig-100_195_1	281
contig-100_3_3	7419
contig-100_181_6	17
contig-100_180_3	213
contig-100_2_3	11921
contig-100_264_1	262
contig-100_6_10	41349
contig-100_1_60	2042
contig-100_2_53	2549
contig-100_8_21	2267
contig-100_558_2	46
contig-100_137_2	11379
contig-100_3_41	5980
contig-100_2_63	489
contig-100_427_2	72
contig-100_202_1	153
contig-100_9_31	720
contig-100_126_4	49
contig-100_15_19	519
contig-100_18_5	519
contig-100_153_3	34
contig-100_16_8	5867
contig-100_1_65	7265
contig-100_63_6	64
contig-100_9_19	508
contig-100_27_5	2157
contig-100_431_1	147
contig-100_103_1	13339
contig-100_45_7	221
contig-100_133_1	3972
contig-100_31_7	538
contig-100_68_3	112090
contig-100_60_2	1126
contig-100_2_73	22
contig-100_1_19	41283
contig-100_311_1	898
contig-100_66_1	93253
contig-100_2_26	2055
contig-100_501_1	11644
contig-100_139_3	209
contig-100_19_15	81
contig-100_129_1	18526
contig-100_3_22	6009
contig-100_12_1	23610
contig-100_55_7	123
contig-100_212_2	44179
contig-100_52_1	112644
contig-100_6_28	1256
contig-100_120_5	2
contig-100_144_5	1
contig-100_51_10	3
contig-100_206_4	48
contig-100_267_2	27
contig-100_250_3	40
contig-100_429_1	7371
contig-100_22_17	193
contig-100_3_38	6816
contig-100_0_63	2621
contig-100_3_58	119
contig-100_293_1	1940
contig-100_387_1	27
contig-100_261_4	205
contig-100_0_2	16651
contig-100_15_6	86779
contig-100_340_3	9
contig-100_14_25	24
contig-100_273_1	297
contig-100_68_1	17373
contig-100_433_1	29
contig-100_418_1	12
contig-100_112_6	2
contig-100_396_1	22
contig-100_10_3	101825
contig-100_0_92	15526
contig-100_251_2	21
contig-100_119_2	695
contig-100_0_86	2452
contig-100_13_18	40
contig-100_296_3	34
contig-100_103_3	72
contig-100_10_27	669
contig-100_14_9	1465
contig-100_222_2	76
contig-100_1_9	4928
contig-100_149_2	53
contig-100_1_8	13160
contig-100_203_1	2889
contig-100_85_3	334
contig-100_184_4	3
contig-100_309_1	454
contig-100_7_15	3793
contig-100_77_6	119
contig-100_437_1	27
contig-100_488_3	1
contig-100_236_3	17
contig-100_77_3	406
contig-100_192_7	4
contig-100_240_1	154
contig-100_7_42	282
contig-100_459_1	8
contig-100_331_3	3
contig-100_27_8	2386
contig-100_56_7	44
contig-100_41_14	59
contig-100_17_3	5956
contig-100_58_12	10
contig-100_96_3	246
contig-100_8_28	1877
contig-100_455_3	1
contig-100_25_15	423
contig-100_53_7	6
contig-100_179_2	675
contig-100_216_4	15
contig-100_26_10	278
contig-100_320_1	913
contig-100_161_5	92
contig-100_179_4	6
contig-100_95_5	100
contig-100_141_8	8
contig-100_68_8	21
contig-100_463_1	226
contig-100_31_20	83
contig-100_8_4	16509
contig-100_0_49	5849
contig-100_191_2	1931
contig-100_160_4	46
contig-100_352_3	2
contig-100_4_30	1192
contig-100_230_2	77
contig-100_46_6	1034
contig-100_349_3	22
contig-100_410_2	9
contig-100_4_41	681
contig-100_189_2	62
contig-100_1_33	3813
contig-100_75_4	73
contig-100_479_1	88
contig-100_22_21	358
contig-100_5_26	1555
contig-100_87_4	242
contig-100_3_44	2818
contig-100_76_6	29
contig-100_18_25	40
contig-100_0_70	2601
contig-100_4_59	225
contig-100_23_7	56871
contig-100_44_1	96530
contig-100_6_1	88826
contig-100_5_18	2654
contig-100_430_1	35
contig-100_0_43	6083
contig-100_42_6	7552
contig-100_114_3	63
contig-100_522_2	9
contig-100_23_4	46430
contig-100_11_13	774
contig-100_70_3	5107
contig-100_163_5	437
contig-100_48_3	40104
contig-100_22_3	830977
contig-100_26_5	13870
contig-100_469_1	12
contig-100_4_14	4749
contig-100_21_7	23282
contig-100_30_1	110275
contig-100_43_9	39478
contig-100_20_17	556
contig-100_6_35	5957
contig-100_175_3	14
contig-100_235_4	9
contig-100_127_4	90
contig-100_2_43	1478
contig-100_113_1	397
contig-100_174_3	169
contig-100_498_1	4
contig-100_440_2	6041
contig-100_325_1	63
contig-100_28_14	3
contig-100_29_11	159
contig-100_9_21	1697
contig-100_336_3	14
contig-100_52_10	374
contig-100_548_2	40
contig-100_58_9	5
contig-100_406_2	6
contig-100_28_2	8628
contig-100_504_2	2
contig-100_29_6	36003
contig-100_30_11	278
contig-100_1_56	665
contig-100_34_4	2747
contig-100_14_14	540
contig-100_323_4	5
contig-100_100_5	5
contig-100_67_3	1248
contig-100_502_2	7
contig-100_3_52	459
contig-100_82_4	121
contig-100_41_6	6570
contig-100_65_2	484
contig-100_441_1	33
contig-100_5_23	2746
contig-100_98_3	142
contig-100_78_1	40829
contig-100_72_3	593
contig-100_296_1	117
contig-100_3_69	113
contig-100_36_2	108764
contig-100_158_2	370
contig-100_5_41	1374
contig-100_291_1	11
contig-100_269_2	64
contig-100_178_2	758
contig-100_2_29	2982
contig-100_143_7	1
contig-100_53_10	42
contig-100_130_5	7
contig-100_146_2	51268
contig-100_203_3	102
contig-100_4_65	255
contig-100_2_60	1045
contig-100_76_4	2182
contig-100_0_55	5914
contig-100_393_2	5
contig-100_107_6	54
contig-100_5_31	1389
contig-100_146_3	112
contig-100_48_5	207
contig-100_226_4	2
contig-100_0_39	9264
contig-100_64_4	28487
contig-100_94_5	178
contig-100_27_6	4719
contig-100_382_2	5
contig-100_90_6	15
contig-100_45_2	48682
contig-100_3_26	1220
contig-100_118_5	23
contig-100_11_30	1000
contig-100_257_2	21
contig-100_3_7	4836
contig-100_4_10	4777
contig-100_165_3	50
contig-100_125_2	21801
contig-100_403_1	29
contig-100_2_51	3334
contig-100_13_13	5250
contig-100_136_1	797
contig-100_155_1	6148
contig-100_37_8	129
contig-100_248_2	25
contig-100_19_7	15180
contig-100_95_3	140
contig-100_314_2	16
contig-100_275_2	23
contig-100_40_4	25023
contig-100_46_3	509
contig-100_248_5	3
contig-100_34_1	6345
contig-100_288_3	12
contig-100_260_3	3
contig-100_287_4	79
contig-100_37_9	34
contig-100_239_2	90
contig-100_4_6	8221
contig-100_0_9	9464
contig-100_33_1	24357
contig-100_9_36	329
contig-100_417_2	2
contig-100_85_5	167
contig-100_2_40	2034
contig-100_93_1	17488
contig-100_187_3	139
contig-100_152_2	152
contig-100_340_2	131
contig-100_16_11	464
contig-100_1_38	11385
contig-100_67_5	9256
contig-100_82_2	579
contig-100_2_38	1193
contig-100_7_49	296
contig-100_268_2	21
contig-100_322_2	65
contig-100_218_2	110
contig-100_237_4	923
contig-100_17_17	470
contig-100_58_6	33
contig-100_8_25	1643
contig-100_86_3	560
contig-100_33_8	431
contig-100_1_74	33
contig-100_6_45	177
contig-100_65_11	3
contig-100_213_2	575
contig-100_198_3	99
contig-100_492_1	32
contig-100_307_1	73
contig-100_0_106	1084
contig-100_188_4	13
contig-100_36_12	60
contig-100_208_3	8
contig-100_55_1	59372
contig-100_1_47	1117
contig-100_2_10	1704
contig-100_72_4	173
contig-100_16_23	388
contig-100_2_57	2586
contig-100_3_47	307
contig-100_444_2	17
contig-100_489_2	5
contig-100_3_50	526
contig-100_377_2	1
contig-100_119_6	26
contig-100_233_4	11
contig-100_17_22	77
contig-100_1_12	37996
contig-100_46_10	42
contig-100_229_3	12
contig-100_10_13	8072
contig-100_369_2	17
contig-100_47_1	54022
contig-100_251_3	1
contig-100_47_6	1182
contig-100_5_17	1177
contig-100_187_5	358
contig-100_183_4	21
contig-100_11_29	6003
contig-100_1_5	19014
contig-100_3_35	4688
contig-100_255_2	23
contig-100_451_2	5
contig-100_537_1	142
contig-100_302_1	1666
contig-100_131_6	3
contig-100_338_1	73333
contig-100_0_69	24360
contig-100_79_5	44
contig-100_7_29	2589
contig-100_0_84	2614
contig-100_486_2	10
contig-100_41_12	51
contig-100_211_2	17940
contig-100_188_1	989
contig-100_446_2	587
contig-100_339_2	18
contig-100_177_1	1651
contig-100_13_9	8595
contig-100_14_24	94
contig-100_69_3	217296
contig-100_195_4	12
contig-100_6_9	42744
contig-100_315_2	35
contig-100_51_1	22010
contig-100_111_4	368
contig-100_5_58	5917
contig-100_549_1	14
contig-100_9_15	2209
contig-100_99_5	61
contig-100_80_5	82
contig-100_432_1	297
contig-100_40_6	18153
contig-100_83_4	21
contig-100_50_3	4953
contig-100_32_5	8013
contig-100_8_9	9030
contig-100_168_5	28
contig-100_120_3	467
contig-100_413_2	13
contig-100_56_8	58
contig-100_18_15	765
contig-100_8_8	6196
contig-100_16_13	2361
contig-100_474_1	168
contig-100_304_2	22
contig-100_241_3	3450
contig-100_4_39	856
contig-100_41_1	8821
contig-100_2_22	1401
contig-100_12_26	583
contig-100_521_1	7
contig-100_365_2	11
contig-100_428_2	20
contig-100_72_6	11
contig-100_5_21	1384
contig-100_541_1	41
contig-100_335_1	33
contig-100_17_9	6436
contig-100_63_3	436
contig-100_416_1	25
contig-100_17_2	6715
contig-100_61_1	154309
contig-100_10_15	4673
contig-100_3_74	1001
contig-100_64_5	26391
contig-100_253_4	5
contig-100_134_1	2101
contig-100_0_90	1111
contig-100_47_10	93
contig-100_121_2	418
contig-100_39_3	558
contig-100_2_48	1953
contig-100_527_1	1
contig-100_22_20	400
contig-100_507_1	24
contig-100_14_4	10339
contig-100_122_4	4
contig-100_0_95	962
contig-100_379_3	13
contig-100_543_3	7
contig-100_4_1	77765
contig-100_25_8	1101
contig-100_505_1	79
contig-100_3_67	323
contig-100_0_16	3567
contig-100_421_1	193
contig-100_243_1	2462
contig-100_46_11	7
contig-100_66_5	107
contig-100_20_14	1158
contig-100_91_2	921
contig-100_28_8	66617
contig-100_494_1	9
contig-100_9_23	138
contig-100_5_51	307
contig-100_51_5	1010
contig-100_76_1	8934
contig-100_23_11	170
contig-100_356_2	2
contig-100_11_25	883
contig-100_25_4	22885
contig-100_448_2	22
contig-100_11_14	1401
contig-100_116_4	4
contig-100_206_1	235
contig-100_65_7	42
contig-100_158_6	10
contig-100_163_2	12682
contig-100_22_2	254176
contig-100_540_1	16
contig-100_4_50	1071
contig-100_0_25	10535
contig-100_69_7	8
contig-100_225_2	57
contig-100_193_2	101
contig-100_276_1	202
contig-100_36_9	69
contig-100_368_1	51
contig-100_24_7	174326
contig-100_14_21	77
contig-100_0_74	13339
contig-100_41_8	85
contig-100_162_2	299
contig-100_453_1	27
contig-100_346_1	28
contig-100_519_2	2
contig-100_199_2	48
contig-100_108_6	2
contig-100_29_3	27820
contig-100_369_1	93
contig-100_160_5	5
contig-100_517_1	1453
contig-100_35_4	3792
contig-100_245_2	14
contig-100_300_2	582
contig-100_371_1	117
contig-100_75_1	5078
contig-100_5_50	1063
contig-100_0_33	7634
contig-100_423_1	27
contig-100_39_4	10135
contig-100_15_32	152
contig-100_62_6	93
contig-100_64_9	1
contig-100_21_18	1106
contig-100_434_1	1
contig-100_106_4	1564
contig-100_475_1	30
contig-100_18_10	905
contig-100_30_8	284
contig-100_389_3	144
contig-100_11_7	5346
contig-100_235_1	147
contig-100_399_2	9
contig-100_285_4	29138
contig-100_300_3	1
contig-100_7_11	3237
contig-100_0_8	7946
contig-100_4_57	652
contig-100_23_8	22449
contig-100_456_2	12
contig-100_196_4	1
contig-100_71_1	14167
contig-100_108_2	43942
contig-100_3_21	6200
contig-100_2_31	1294
contig-100_1_66	1675
contig-100_283_1	155
contig-100_78_2	6237
contig-100_150_2	87085
contig-100_283_2	26
contig-100_531_1	6
contig-100_390_2	27
contig-100_246_1	234
contig-100_44_2	9559
contig-100_483_2	108
contig-100_21_25	22
contig-100_240_3	4
contig-100_42_8	39
contig-100_22_11	274
contig-100_170_5	7
contig-100_178_6	208
contig-100_8_14	7139
contig-100_42_1	554796
contig-100_182_6	2
contig-100_426_1	2
contig-100_4_34	2379
contig-100_9_50	78
contig-100_202_3	33
contig-100_36_6	115883
contig-100_501_3	121
contig-100_480_1	10
contig-100_18_22	92
contig-100_101_4	35
contig-100_213_3	54
contig-100_414_1	13
contig-100_184_1	691
contig-100_58_10	30
contig-100_358_3	14
contig-100_133_7	15
contig-100_5_45	2515
contig-100_408_2	9
contig-100_12_14	1386
contig-100_5_14	3140
contig-100_38_8	676
contig-100_28_6	4963
contig-100_52_9	672
contig-100_458_2	11
contig-100_407_1	77
contig-100_174_2	31
contig-100_2_9	3398
contig-100_10_7	100354
contig-100_501_4	7
contig-100_88_6	7
contig-100_38_11	40
contig-100_350_2	26241
contig-100_388_2	6
contig-100_24_4	41706
contig-100_386_2	12
contig-100_543_1	4
contig-100_10_29	69
contig-100_9_2	8168
contig-100_284_1	229
contig-100_53_8	21
contig-100_24_15	9
contig-100_124_3	92
contig-100_8_44	246
contig-100_546_1	14
contig-100_56_10	9
contig-100_510_1	32
contig-100_6_24	1242
contig-100_8_42	92
contig-100_44_6	4866
contig-100_93_2	268
contig-100_16_28	6
contig-100_73_9	170
contig-100_266_2	7
contig-100_362_2	13
contig-100_12_31	53
contig-100_282_1	94
contig-100_487_2	5
contig-100_518_2	15
contig-100_141_4	6
contig-100_6_26	1686
contig-100_12_12	1010
contig-100_15_26	313
contig-100_15_3	728835
contig-100_7_35	2307
contig-100_84_8	3
contig-100_452_1	29
contig-100_15_16	93851
contig-100_2_71	421
contig-100_7_7	31287
contig-100_43_5	9943
contig-100_109_3	169
contig-100_1_27	4730
contig-100_1_4	8890
contig-100_80_4	454
contig-100_0_76	985
contig-100_173_6	9
contig-100_135_4	16
contig-100_3_54	291
contig-100_333_2	14
contig-100_4_46	3634
contig-100_43_6	22772
contig-100_7_12	2336
contig-100_49_4	151
contig-100_216_1	414
contig-100_21_4	7622
contig-100_52_5	123274
contig-100_55_5	236
contig-100_3_17	34655
contig-100_209_1	105
contig-100_5_6	6576
contig-100_511_2	6
contig-100_90_1	1359
contig-100_181_3	3
contig-100_31_14	7
contig-100_30_12	166
contig-100_6_51	324
contig-100_245_1	1530
contig-100_277_1	286
contig-100_27_11	29
contig-100_31_18	68
contig-100_394_1	39
contig-100_30_5	1342
contig-100_15_23	91
contig-100_55_3	497
contig-100_12_4	22869
contig-100_149_4	5
contig-100_134_4	7
contig-100_217_4	1
contig-100_356_1	79
contig-100_347_3	4
contig-100_10_2	731527
contig-100_397_2	965
contig-100_0_41	7092
contig-100_5_13	8020
contig-100_460_1	17
contig-100_88_3	167
contig-100_33_4	673
contig-100_74_2	421
contig-100_404_1	3291
contig-100_53_5	1181
contig-100_537_2	1
contig-100_121_1	534
contig-100_15_9	238051
contig-100_19_20	7
contig-100_32_9	43
contig-100_3_45	1054
contig-100_68_4	415
contig-100_223_4	342
contig-100_141_5	3
contig-100_419_2	38
contig-100_271_4	9
contig-100_17_14	270
contig-100_516_1	15
contig-100_221_1	353
contig-100_3_42	5868
contig-100_20_21	16
contig-100_140_4	5
contig-100_196_1	274
contig-100_60_1	1776
contig-100_242_2	68
contig-100_552_1	12
contig-100_143_5	1
contig-100_104_1	1014
contig-100_156_2	2094
contig-100_21_21	17
contig-100_317_2	187
contig-100_387_2	14
contig-100_388_1	32
contig-100_128_4	63
contig-100_15_31	81
contig-100_326_2	7
contig-100_111_1	501
contig-100_278_4	118
contig-100_391_2	31
contig-100_35_3	8401
contig-100_204_1	48884
contig-100_125_7	46
contig-100_157_3	69
contig-100_222_3	27
contig-100_2_54	1941
contig-100_19_2	18750
contig-100_33_10	33
contig-100_441_2	110
contig-100_449_1	152
contig-100_123_3	2937
contig-100_427_3	105
contig-100_2_34	1900
contig-100_219_3	4
contig-100_6_13	2248
contig-100_15_11	38255
contig-100_18_4	1602
contig-100_63_5	104
contig-100_392_2	17
contig-100_97_4	61
contig-100_1_55	2116
contig-100_219_4	6
contig-100_180_2	878
contig-100_462_1	19
contig-100_4_47	1982
contig-100_1_44	1579
contig-100_139_2	380
contig-100_45_6	5225
contig-100_137_3	23
contig-100_66_4	168
contig-100_68_2	11585
contig-100_464_1	16
*	58870895
contig-100_194_3	13
contig-100_6_4	16275
contig-100_2_74	19
contig-100_5_29	1369
contig-100_28_1	104786
contig-100_458_3	2
contig-100_4_75	1924
contig-100_28_11	371
contig-100_299_1	246
contig-100_538_1	74
contig-100_107_3	313
contig-100_112_3	1490
contig-100_45_11	3
contig-100_74_6	9
contig-100_475_2	9
contig-100_126_3	226
contig-100_102_3	201
contig-100_8_11	15930
contig-100_241_2	134
contig-100_168_4	10
contig-100_14_20	85
contig-100_153_4	3
contig-100_7_19	1520
contig-100_190_3	1518
contig-100_37_5	2345
contig-100_89_3	248
contig-100_5_44	1887
contig-100_64_1	2106
contig-100_1_50	1151
contig-100_10_31	89
contig-100_65_3	255
contig-100_281_3	3
contig-100_324_1	22193
contig-100_87_3	270
contig-100_454_2	5
contig-100_422_2	22
contig-100_4_22	1485
contig-100_166_1	177
contig-100_34_7	2637
contig-100_98_4	42
contig-100_0_64	3026
contig-100_152_5	12
contig-100_2_64	728
contig-100_58_2	2756
contig-100_4_53	894
contig-100_20_7	3587
contig-100_9_20	1071
contig-100_554_1	21
contig-100_14_7	11504
contig-100_23_10	21731
contig-100_74_10	8
contig-100_25_1	14707
contig-100_71_7	35
contig-100_34_5	5801
contig-100_253_1	433
contig-100_131_2	238
contig-100_133_8	15
contig-100_5_36	5499
contig-100_13_15	10116
contig-100_3_48	338
contig-100_482_2	6
contig-100_22_7	17599
contig-100_47_2	8923
contig-100_170_2	198
contig-100_316_1	62
contig-100_136_4	32
contig-100_490_1	59
contig-100_37_4	7665
contig-100_7_25	4586
contig-100_9_6	9321
contig-100_20_16	1390
contig-100_465_1	22
contig-100_9_11	5071
contig-100_289_1	72
contig-100_16_27	10
contig-100_19_9	8611
contig-100_59_2	756
contig-100_129_5	58
contig-100_7_43	1350
contig-100_197_1	131
contig-100_51_8	6
contig-100_22_6	7702
contig-100_478_1	14
contig-100_205_2	56
contig-100_258_2	20
contig-100_19_12	372
contig-100_8_29	994
contig-100_9_9	3997
contig-100_87_5	42
contig-100_0_59	3111
contig-100_248_1	109
contig-100_33_14	41
contig-100_13_4	30260
contig-100_483_1	17
contig-100_359_3	5
contig-100_9_39	563
contig-100_151_2	372
contig-100_10_19	2650
contig-100_5_54	414
contig-100_48_4	20411
contig-100_75_2	2396
contig-100_130_1	75693
contig-100_7_45	2264
contig-100_79_1	24742
contig-100_60_5	180
contig-100_84_3	257
contig-100_293_4	2
contig-100_12_7	5183
contig-100_1_34	4555
contig-100_297_2	31
contig-100_7_32	6364
contig-100_114_2	2170
contig-100_73_6	19
contig-100_57_2	1820
contig-100_209_2	83
contig-100_18_26	390
contig-100_12_19	1009
contig-100_171_6	3
contig-100_23_5	13510
contig-100_11_2	51450
contig-100_8_3	23127
contig-100_41_5	5996
contig-100_401_1	24
contig-100_22_22	361
contig-100_4_28	876
contig-100_361_2	9
contig-100_43_1	87577
contig-100_3_64	1
contig-100_67_2	6685
contig-100_28_15	12
contig-100_237_3	8
contig-100_352_2	14
contig-100_410_3	1
contig-100_195_5	13
contig-100_361_1	24
contig-100_22_9	589
contig-100_0_29	6741
contig-100_175_4	3
contig-100_504_1	13
contig-100_144_2	65
contig-100_76_5	100
contig-100_143_2	5654
contig-100_4_13	8249
contig-100_4_38	1858
contig-100_269_5	5
contig-100_385_2	18
contig-100_138_1	29951
contig-100_5_25	2277
contig-100_1_39	5723
contig-100_4_5	35012
contig-100_1_40	4387
contig-100_26_6	19226
contig-100_4_40	834
contig-100_351_2	13
contig-100_0_42	9392
contig-100_325_2	88
contig-100_2_44	1478
contig-100_7_39	1386
contig-100_0_80	6932
contig-100_7_53	634
contig-100_20_3	30992
contig-100_6_30	770
contig-100_238_3	10
contig-100_0_102	3246
contig-100_62_2	412
contig-100_42_5	468
contig-100_10_26	453
contig-100_6_14	3538
contig-100_211_1	25441
contig-100_19_16	850
contig-100_344_1	27
contig-100_0_68	70356
contig-100_93_6	27
contig-100_6_36	409
contig-100_156_3	20
contig-100_3_4	19217
contig-100_94_4	236
contig-100_522_3	1
contig-100_46_1	8798
contig-100_112_2	207
contig-100_127_5	194
contig-100_185_5	7
contig-100_29_7	6050
contig-100_206_5	46
contig-100_84_2	907
contig-100_545_1	16
contig-100_93_5	56
contig-100_503_1	63
contig-100_178_1	6675
contig-100_0_48	58685
contig-100_160_1	347
contig-100_341_3	8
contig-100_23_15	23
contig-100_16_17	362
contig-100_62_7	9
contig-100_113_2	330
contig-100_81_3	384
contig-100_513_1	17
contig-100_5_10	3184
contig-100_9_27	898
contig-100_453_2	6
contig-100_231_1	124
contig-100_91_5	162
contig-100_7_8	51873
contig-100_6_49	108
contig-100_127_2	236
contig-100_192_4	22
contig-100_52_4	52533
contig-100_65_10	18
contig-100_44_16	20
contig-100_354_1	17004
contig-100_155_2	420
contig-100_254_3	149
contig-100_13_22	2217
contig-100_2_15	1641
contig-100_115_4	4994
contig-100_244_3	4
contig-100_10_24	919
contig-100_180_5	15
contig-100_11_20	604
contig-100_179_1	656
contig-100_140_1	794
contig-100_274_2	16
contig-100_6_20	959
contig-100_405_2	4
contig-100_7_22	4000
contig-100_296_2	47
contig-100_225_1	430
contig-100_442_2	3
contig-100_101_7	52
contig-100_133_4	572
contig-100_212_1	23964
contig-100_15_27	167
contig-100_99_6	121
contig-100_1_70	766
contig-100_472_1	75
contig-100_182_2	34107
contig-100_0_73	732
contig-100_250_4	9
contig-100_2_2	3353
contig-100_239_1	244
contig-100_473_3	19
contig-100_11_19	1098
contig-100_2_67	157
contig-100_236_2	43
contig-100_149_3	63
contig-100_51_11	18
contig-100_396_2	3
contig-100_103_4	25
contig-100_246_5	5
contig-100_7_3	30544
contig-100_120_4	573
contig-100_0_3	10467
contig-100_272_2	10
contig-100_539_3	12
contig-100_10_6	12499
contig-100_0_36	11699
contig-100_38_9	17
contig-100_205_1	2352
contig-100_437_2	2
contig-100_294_1	2586
contig-100_11_34	1181
contig-100_10_10	5637
contig-100_49_2	1087
contig-100_71_5	124
contig-100_47_9	190
contig-100_158_5	13
contig-100_288_2	36
contig-100_8_18	3873
contig-100_234_1	172
contig-100_218_1	358
contig-100_355_1	34
contig-100_7_1	53044
contig-100_17_10	783
contig-100_1_22	30124
contig-100_55_8	8
contig-100_22_16	2350
contig-100_173_2	68
contig-100_286_3	5
contig-100_171_1	387
contig-100_473_4	66
contig-100_75_3	1798
contig-100_345_2	2
contig-100_16_3	29104
contig-100_24_8	8031
contig-100_279_3	14
contig-100_35_11	5
contig-100_191_1	6346
contig-100_161_4	227
contig-100_0_87	6069
contig-100_85_4	934
contig-100_331_4	5
contig-100_6_39	257
contig-100_3_11	28257
contig-100_375_2	56
contig-100_92_4	38
contig-100_405_1	11
contig-100_152_1	386
contig-100_77_4	527
